date,symbol,Series,Prev Close,open,high,low,Last,close,vwap,volume,turnover,trades,deliverable_volume,deliverable_pct,source_file_symbol,company,industry,nifty_close,nifty_ret_1d,vix_close,ret_1d,ret_5d,ret_21d,ret_63d,vol_20d,vol_60d,sma20_gap,sma50_gap,ema12_26_gap,macd,rsi_14,bollinger_z,atr_14,volume_z_20,turnover_z_20,drawdown,beta_252,target_return_21d,target_up_21d,symbol_code,industry_code,forecast_return_21d,forecast_up_probability,forecast_annualized,annual_return,volatility,sharpe,sortino,max_drawdown,calmar,quality_score
2021-04-30,GRASIM,EQ,1350.7,1342.0,1407.4,1333.0,1401.1,1401.75,1386.13,3261678,452111640235000.06,87943.0,1445017.0,0.443,GRASIM,Grasim Industries Ltd.,CEMENT & CEMENT PRODUCTS,14631.1,-0.017710760058812003,23.03,0.037795217294736005,0.09674516860965499,-0.0027390438247011373,0.31035288618836177,0.3161980193543473,0.3255525609758651,0.01898766383402517,0.042254526474045706,-0.0026564264328823306,-3.5990811887304517,43.403523850451236,0.4365625545993343,0.03652322352161842,2.0728756946041056,2.2407092009395235,-0.7348234047785702,0.9484829459046802,,0,14,1,0.04626098672936645,0.5209708045487781,0.7206018215286163,1.817871142828427,0.33176879972518375,5.4793312220264125,9.170959401401568,-0.12127878996218666,14.989192614761564,0.8336734693877551
2021-04-30,JSWSTEEL,EQ,726.5,719.6,740.0,711.45,713.7,717.85,723.92,36449711,2638674981045000.0,376696.0,3416355.0,0.0936999999999999,JSWSTEEL,JSW Steel Ltd.,METALS,14631.1,-0.017710760058812003,23.03,-0.011906400550585006,0.12976078061063911,0.6124213836477987,0.8769773826644007,0.5537740774510935,0.44906782207107826,0.17163655355889618,0.44452314738422305,0.10144261934828092,60.05703728893434,75.802039293708,1.5986668898131686,0.04042826296779072,0.5614092203369501,0.9091291551539457,-0.6145875278516013,1.2206230569478569,,0,26,9,0.0562782941258344,0.5233455702913624,0.9290356985950816,3.503450439146796,0.4039504208006912,8.672971381493857,13.856818890825739,-0.11877982276755239,29.4953331089146,0.833673469387755
2021-04-30,VEDL,EQ,255.05,255.05,266.2,252.55,255.95,257.25,259.67,21911292,568974065280000.0,117226.0,5687812.0,0.2596,VEDL,Vedanta Ltd.,METALS,14631.1,-0.017710760058812003,23.03,0.008625759654969478,0.12828947368421062,0.13400925721842638,0.5572033898305087,0.43414589686561095,0.36270628688324397,0.10291753306608942,0.15880466314708364,0.033362707003530945,7.732734202711271,62.187499999999986,2.2418227582557244,0.04081632653061223,0.804852599303474,1.0285538404305357,-0.940783113116339,0.9608951969697399,,0,46,9,0.05638462877360207,0.5443407435202561,0.9313673221101972,2.347430058555633,0.4878699431456126,4.811589833594247,5.438727761121736,-0.34262236513040356,6.851362600518477,0.8051020408163265
2021-04-30,HINDALCO,EQ,372.15,368.9,377.0,361.3,363.65,364.4,368.96,19935239,735537367830000.0,149528.0,4268054.0,0.2141,HINDALCO,Hindalco Industries Ltd.,METALS,14631.1,-0.017710760058812003,23.03,-0.020824936181647158,0.0426323319027182,0.1138621427479749,0.5164377861007072,0.5028945138785266,0.463937460464674,0.02576372810505334,0.07253440704505598,0.02474772397769054,8.671785936516358,49.675587996755866,0.8275612043956401,0.04661282734828289,0.09503231292019204,0.15696252963394858,-0.7525465163656119,1.4366302673641589,,0,19,9,0.061552338906391266,0.5206388426939017,1.0478443227136705,2.3508045977011465,0.4668576850625605,5.035377317149938,8.500262334661755,-0.20050251256281404,11.72456428427389,0.7877551020408163
2021-04-30,BAJAJ-AUTO,EQ,3836.45,3805.0,3966.35,3800.0,3827.0,3833.75,3869.17,1340273,518574374275000.0,79430.0,229768.0,0.1714,BAJAJ-AUTO,Bajaj Auto Ltd.,AUTOMOBILE,14631.1,-0.017710760058812003,23.03,-0.0007037756259040684,0.043907420013614695,0.06491576505881858,-0.08040393864162432,0.3083456417931148,0.28339066539303465,0.042641203602976185,0.018766022229893098,0.006864121321111583,25.492757378126043,61.75474471212217,1.5651095988195858,0.03134007173133357,2.0869305760953973,2.121891792668068,-0.09526956070278114,0.7882919306621983,,0,3,0,0.022046086047656885,0.555437617216034,0.2991094833597805,0.5560944920241877,0.3039318339521992,1.8296684647770307,2.7076473912724692,-0.1736539664184833,3.2023137938817525,0.7846938775510204
2021-04-30,ADANIPORTS,EQ,746.75,739.0,759.45,724.5,726.4,730.05,743.35,12600934,936691138995000.0,132141.0,3514692.0,0.2789,ADANIPORTS,Adani Ports and Special Economic Zone Ltd.,SERVICES,14631.1,-0.017710760058812003,23.03,-0.02236357549380652,0.0064796305231955564,0.038404096436953195,0.3941564021770265,0.6575850303953475,0.5002298332627104,-0.030918871562403583,0.012196829683897237,0.007688957259228468,5.656508010552557,29.467638612767814,-0.6042324901034689,0.05197295684248632,-0.7092453282232271,-0.6788214299828924,-0.4416230066159318,1.109473317359456,,0,0,11,0.024191726696386744,0.5418504210234866,0.3322175789252486,1.6746656896867598,0.3995701705368193,4.191167942884375,6.911153649479099,-0.1427595628415299,11.73067258230344,0.7642857142857142
2021-04-30,BAJFINANCE,EQ,5484.85,5350.0,5524.65,5327.7,5449.0,5451.9,5449.83,4124888,2247991949735000.0,233718.0,886610.0,0.2148999999999999,BAJFINANCE,Bajaj Finance Ltd.,FINANCIAL SERVICES,14631.1,-0.017710760058812003,23.03,-0.006007456904017605,0.16798063327477597,0.051871002594997107,0.11066066371951844,0.5784521913455298,0.44041920973271537,0.11102110561058609,0.04410705472718934,-0.00027455156180988816,-1.3797060128008525,60.225622155514664,1.791640009151815,0.04240526893638653,0.44655997616368953,0.631582890938251,-0.5214819235866693,1.700673068967785,,0,5,6,0.06413779499202349,0.5194736748572494,1.1085039535747518,1.4468829944795987,0.4730346818227732,3.058724973196969,5.288414540050998,-0.22496258553422688,6.431660584997424,0.7459183673469386
2021-04-30,SBIN,EQ,359.4,353.45,362.5,350.45,352.3,353.5,357.11,53832840,1922407931330000.0,296959.0,13261927.0,0.2464,SBIN,State Bank of India,FINANCIAL SERVICES,14631.1,-0.017710760058812003,23.03,-0.016416249304396113,0.050676177738148365,-0.010358342665173548,0.2582310019576437,0.4199310951452923,0.47678848652245653,0.014922373511530918,-0.047257124683991236,-0.009404997601981435,-3.3194670794535455,48.928571428571416,0.4249236951750851,0.03862396443726004,0.5406550252585162,0.713828228700127,-0.8987091505608963,1.4847710254205735,,0,36,6,0.03540755994487864,0.5112610561131281,0.5182244440980834,0.9180683667932743,0.4141028888509666,2.2170054629193428,3.604186563256422,-0.21569935512563954,4.25624066543232,0.673469387755102
2021-04-30,ULTRACEMCO,EQ,6382.45,6380.0,6424.0,6233.55,6253.1,6278.95,6340.57,475175,301287841790000.0,38753.0,192320.0,0.4047,ULTRACEMCO,UltraTech Cement Ltd.,CEMENT & CEMENT PRODUCTS,14631.1,-0.017710760058812003,23.03,-0.016216343253766197,0.03478139059641716,-0.06774804201774254,0.16961292005066686,0.3721686737419598,0.3723555078115602,-0.038375317643824625,-0.039989297454323114,-0.013527812868850408,-87.49139574785659,31.42274459292652,-0.9226670667154301,0.03820873144167644,-0.534006016936076,-0.6081753283078316,-0.09930787161556398,0.9561666360460086,,0,44,1,0.01399398533857274,0.5290737758485228,0.18147502896221845,0.8500147318797877,0.31290553625096407,2.7165218681143384,4.2618252392996085,-0.12958221265913583,6.55965594688323,0.6693877551020408
2021-04-30,TATAMOTORS,EQ,301.9,298.2,301.3,292.55,293.1,293.85,297.01,36121668,1072848726265000.0,227806.0,7898988.0,0.2187,TATAMOTORS,Tata Motors Ltd.,AUTOMOBILE,14631.1,-0.017710760058812003,23.03,-0.026664458429943583,-0.0005102040816326037,-0.008603238866396579,0.05265986029016667,0.49479065421783325,0.5542627790007792,-0.028875944974594003,-0.05774422974558924,-0.008254008943533342,-2.4983088700181497,39.87915407854986,-1.1621277927584188,0.04549211210773232,-1.0749774032740433,-1.133105555709664,-0.784748928689155,1.7173509665118356,,0,39,0,0.06746121751009498,0.4890085494365131,1.1888966916453083,2.8187134502924,0.565153774102377,4.987515928331734,8.977338131017001,-0.19130721106354942,14.73396342261278,0.6642857142857143
2021-04-30,SHREECEM,EQ,28444.35,28340.0,28432.35,27808.15,27900.0,27910.5,28113.3,32147,90375838600000.0,12546.0,11805.0,0.3671999999999999,SHREECEM,Shree Cement Ltd.,CEMENT & CEMENT PRODUCTS,14631.1,-0.017710760058812003,23.03,-0.01876822637887665,-0.006966409666160245,-0.007316066893819251,0.20015996112772583,0.3613985700740459,0.4020584876932842,-0.0571184759577964,-0.01807936457398651,-0.002181575427090743,-62.93300268126404,24.62460179804161,-1.4484998917832053,0.03536840973827054,-1.1102400456670598,-1.0962943642460474,-0.12089452340643336,1.025854268532038,,0,37,1,0.01888852325422152,0.5393074581938405,0.25175704572240476,0.4794152412553818,0.33472489731988175,1.432266452522729,2.5822221787530424,-0.20635926814546368,2.323206733401669,0.6530612244897959
2021-04-30,INDUSINDBK,EQ,939.45,928.0,948.5,915.1,934.95,934.95,936.92,7301455,684089998525000.0,117673.0,962818.0,0.1319,INDUSINDBK,IndusInd Bank Ltd.,FINANCIAL SERVICES,14631.1,-0.017710760058812003,23.03,-0.004790036723614888,0.0999411764705882,-0.018682760430333234,0.10104221868927765,0.5300649483282538,0.5150347839102205,0.04082535742017357,-0.044104415962571863,-0.020112895667208308,-18.440346067425708,50.008099789405485,0.7617280309764186,0.04007089760338598,-0.05298534293844214,0.08827493166152113,-0.5378512641803217,1.6661075236095686,,0,22,6,0.04004188827642981,0.5075037160973074,0.6018062109357625,0.9975429975429972,0.5470083178600201,1.8236340563257565,2.9287334366255426,-0.28178730630439397,3.540056543446373,0.6173469387755102
2021-04-30,POWERGRID,EQ,220.15,217.75,222.3,216.65,220.35,220.05,220.24,9504624,209332798050000.0,56225.0,4634594.0,0.4876,POWERGRID,Power Grid Corporation of India Ltd.,ENERGY,14631.1,-0.017710760058812003,23.03,-0.0004542357483533488,0.04215013023916647,0.025396085740913454,0.15694006309148278,0.3429904274251274,0.3880752557624188,0.04137335399831987,0.008353686757367473,0.0022773669886564374,0.4870962890665851,61.47455867082037,1.3987162562088484,0.029051838867789788,-0.19545105737041382,-0.08804128115728432,-0.06955602536997885,0.7589134785002046,,0,34,4,0.02047683056964555,0.5098668608688511,0.27537466218673634,0.39980916030534486,0.31567816102137947,1.266508772769579,2.1847240271206205,-0.1763617133791645,2.2669838744749833,0.6173469387755102
2021-04-30,TCS,EQ,3115.25,3099.0,3132.05,3020.0,3040.0,3035.65,3063.19,3072305,941105660510000.0,157829.0,1942473.0,0.6323,TCS,Tata Consultancy Services Ltd.,IT,14631.1,-0.017710760058812003,23.03,-0.025551721370676517,-0.023749799003055072,-0.010157167079692164,-0.07767447513140702,0.2750166888581419,0.2526563231626383,-0.04486144803868819,-0.02129792920679241,-0.0034226716225457254,-10.739189634272407,25.869453486379953,-1.8150655210782136,0.02569113228280128,-0.0972228915976364,-0.16326609776753093,-0.15762965840663756,0.5814131170802882,,0,41,7,0.01231875654999022,0.5146624781498482,0.1582635885156598,0.6329039025308643,0.2684780679380293,2.3573765536667692,3.897830229429029,-0.12527200193423582,5.052237473327205,0.6163265306122448
2021-04-30,ICICIBANK,EQ,621.45,610.1,616.35,598.1,599.7,600.5,607.02,23653258,1435800845135000.0,247055.0,7292392.0,0.3082999999999999,ICICIBANK,ICICI Bank Ltd.,FINANCIAL SERVICES,14631.1,-0.017710760058812003,23.03,-0.033711481213291594,0.05360119308711275,0.037939676778152354,0.11606727999256594,0.4279563303178288,0.44208396084772744,0.037433108887286126,0.0040848949180429805,0.007647458511115701,4.486252358938941,56.1754021795537,1.0413368013169044,0.0386582609729987,-0.44862089572561276,-0.3195579088178299,-0.665291789755309,1.690496689041552,,0,21,6,0.05215832573220886,0.4999955126139229,0.8406582143526671,0.6687508684173964,0.4212189173026481,1.5876563016206968,2.3832093245138424,-0.2343811653294754,2.8532619823667007,0.6051020408163266
2021-04-30,ASIANPAINT,EQ,2613.45,2595.0,2605.8,2524.05,2529.0,2536.4,2558.66,1384907,354351186245000.0,91934.0,750496.0,0.5418999999999999,ASIANPAINT,Asian Paints Ltd.,CONSUMER GOODS,14631.1,-0.017710760058812003,23.03,-0.029482102202069926,0.007327389344506496,0.012474302935951975,0.008930169653334596,0.29133111026289393,0.30432604490414245,-0.01684492263623083,0.02293951130077132,0.008811497880070851,22.44864145441261,38.72940712242281,-0.9463145522448886,0.027358798747380987,-0.2037647435092001,-0.22170927231574478,-0.5134564846252709,0.6600695614386639,,0,1,3,0.015153652455056118,0.5205071138856369,0.1977919176819447,0.39026529269896715,0.29705875097752427,1.3137646725259913,2.238350794271928,-0.20078615800372068,1.94368624101934,0.5979591836734693
2021-04-30,HEROMOTOCO,EQ,2860.1,2834.8,2860.0,2805.0,2818.0,2819.15,2833.08,670258,189889696575000.0,50970.0,302022.0,0.4506,HEROMOTOCO,Hero MotoCorp Ltd.,AUTOMOBILE,14631.1,-0.017710760058812003,23.03,-0.014317681199958021,-0.015677100609277073,-0.040387364694669525,-0.18872213988690478,0.3043232731330451,0.31584167686649156,-0.02003792414822747,-0.10029472636085546,-0.0235579829057303,-69.32687960313933,41.12659982065704,-1.1996866355339828,0.032574408192945686,-0.8458481479130655,-0.8740155178033906,-0.30373306659751287,0.881514372384665,,0,18,0,0.015769439177846768,0.5239377351275127,0.20653995444692508,0.45085173176881943,0.3479964016672048,1.2955643495416858,1.9549635108083934,-0.22278180803571435,2.0237367482740916,0.5795918367346939
2021-04-30,BAJAJFINSV,EQ,11176.55,11000.0,11225.0,10868.7,11021.0,11041.65,11081.78,835355,925722287420000.0,85986.0,129995.0,0.1556,BAJAJFINSV,Bajaj Finserv Ltd.,FINANCIAL SERVICES,14631.1,-0.017710760058812003,23.03,-0.012069914240082968,0.11344556881608203,0.1662749737257656,0.20032286469034344,0.4642871344937596,0.43875369798346586,0.11713832739605046,0.11975228777146518,0.028170975029581102,280.77096722017814,69.90512824193017,2.316081145927026,0.0356028569746628,0.6710886597479065,0.8400253777548006,-0.012069914240082968,1.4565799353739362,,0,4,6,0.020159738108341183,0.49727556188239896,0.2706272196304076,1.271103295075898,0.4277696647749389,2.97146665541293,5.589844214096166,-0.1973023009785776,6.442414958018711,0.5714285714285714
2021-04-30,ONGC,EQ,104.05,104.15,112.7,103.3,108.2,108.15,109.79,81358264,893263183745000.1,248419.0,15306987.0,0.1881,ONGC,Oil & Natural Gas Corporation Ltd.,ENERGY,14631.1,-0.017710760058812003,23.03,0.03940413262854414,0.05615234375,0.05615234375,0.1839080459770117,0.3674966422412227,0.448910914125983,0.04394411062043013,0.005120865435552346,-0.004192173739889227,-0.4390330490081169,58.63377609108162,2.2548798414201983,0.034046628360081904,3.8663246822503283,3.9190634785449205,-0.9271324619323541,1.0082113845594498,,0,33,4,0.028581198252945136,0.4978516705987489,0.40237117824409907,0.5628612716762984,0.40884355657282745,1.3767155251131755,2.385591702470389,-0.29191863661352446,1.9281443562696514,0.55
2021-04-30,HCLTECH,EQ,909.55,905.0,915.0,895.4,900.1,898.95,904.98,10921664,988391121380000.0,465056.0,6189272.0,0.5667,HCLTECH,HCL Technologies Ltd.,IT,14631.1,-0.017710760058812003,23.03,-0.011654114672090543,-0.05933134515774596,-0.062177246883313275,-0.051240105540897085,0.2890569255428708,0.2771466838369985,-0.08401730172558719,-0.07046552724287214,-0.018708458147214113,-18.039492862186194,17.681362257989335,-1.7961594757850263,0.03251412362041429,1.0743661123851125,0.9270545807066106,-0.6811272901406452,0.7555039316595369,,0,15,7,0.010515624904107219,0.5099382558767488,0.13374764296459585,0.9081935894714492,0.3295838746154822,2.7555765297407753,5.034206227346415,-0.15361077111383048,5.912304084447626,0.5479591836734694
2021-04-30,AXISBANK,EQ,719.4,705.0,729.85,705.0,711.65,714.9,719.36,23011654,1655364697405000.0,232879.0,6786072.0,0.2949,AXISBANK,Axis Bank Ltd.,FINANCIAL SERVICES,14631.1,-0.017710760058812003,23.03,-0.006255212677231059,0.06486929321516333,0.02391864795187626,0.08581409477521262,0.3786460893621185,0.3968468565679446,0.04987994448809352,-0.0001440553396280242,-0.0010338330976656929,-0.7162708674622991,59.34343434343432,1.4183630792872306,0.03595407949163721,0.3219112900834948,0.40892359392822647,-0.6466750685743939,1.5544953056080903,,0,2,6,0.0285775075676834,0.5065393071354933,0.4023107967184638,0.5696563837962485,0.4548060812876957,1.252525872528741,2.11342318588041,-0.24263879523488419,2.347754748966661,0.539795918367347
2021-04-30,CIPLA,EQ,906.5,900.75,921.0,900.75,910.0,910.35,911.47,6459737,588782439460000.0,121466.0,2004555.0,0.3103,CIPLA,Cipla Ltd.,PHARMA,14631.1,-0.017710760058812003,23.03,0.004247104247104172,-0.02698802907225306,0.1560734014858085,0.08789435946462731,0.2818998858121412,0.27219645809773724,0.021978114501738588,0.08866454279318092,0.030046594379150804,26.465806964294984,66.88905361996544,0.42686364369999397,0.03619879324278731,-0.35377753189963795,-0.3456471025108135,-0.37870670534038553,0.232364873051584,,0,9,10,0.008495997712236757,0.5231354463157794,0.10685351425450973,0.5207985299031084,0.31375519983291283,1.6598881235448986,2.9957207281793563,-0.1253764188093579,4.1538794523634675,0.5316326530612245
2021-04-30,TITAN,EQ,1506.8,1500.0,1516.55,1471.0,1489.85,1491.65,1493.26,3691399,551220057930000.0,111986.0,699586.0,0.1895,TITAN,Titan Company Ltd.,CONSUMER GOODS,14631.1,-0.017710760058812003,23.03,-0.01005441996283507,0.020664408635259424,-0.009429890095294935,-0.005467213388005376,0.2968687375964886,0.2893414105727547,-0.020265943297394617,0.0023155427616106117,-0.0011896877073830359,-1.7918376337561313,36.78885387294743,-0.9354005276895393,0.029238953986716533,2.536615868653839,2.383126654541253,-0.6836104865736223,0.870584429072233,,0,43,3,0.018979765944594412,0.4748025487873415,0.25310286460538767,0.5990244948276777,0.31217596218311777,1.9188680981026298,3.1753692961044124,-0.15746610999432997,3.804148682210079,0.523469387755102
2021-04-30,KOTAKBANK,EQ,1805.0,1780.0,1802.0,1739.45,1743.75,1748.8,1775.65,2621783,465536404165000.0,105233.0,1075787.0,0.4103,KOTAKBANK,Kotak Mahindra Bank Ltd.,FINANCIAL SERVICES,14631.1,-0.017710760058812003,23.03,-0.031135734072022192,0.008418867489332182,-0.012563168741706932,-0.025412394115024606,0.3200593774993706,0.33582224425601637,-0.00803053959043254,-0.04790266917176578,-0.009601372623421534,-17.110694681494806,45.5031980159248,-0.4441359325278434,0.0336067180760685,-1.102462696801161,-1.0672706849089622,-0.1341073948456416,1.1566977282357052,,0,27,6,0.018991821124231395,0.5026926818647517,0.2532807762416691,0.3182075151697872,0.34611981559663296,0.9193565373345319,1.6218819169099943,-0.17945033893309748,1.7732344060292973,0.510204081632653
2021-04-30,ITC,EQ,204.3,203.9,205.7,202.0,202.4,202.6,203.73,16495657,336064882550000.0,124300.0,8268973.0,0.5013000000000001,ITC,ITC Ltd.,CONSUMER GOODS,14631.1,-0.017710760058812003,23.03,-0.008321096426823327,-0.013391770148526883,-0.039355144618302584,-0.025024061597690217,0.22212526861771348,0.2985122488725037,-0.02970510410555438,-0.0389951665156697,-0.011839209407404572,-2.467929436429074,28.7425149700598,-1.2318076875957868,0.018562262022281728,-0.5187523220422713,-0.5616185640456859,-0.8955723931756095,0.5960934836426104,,0,25,3,0.016599941659582135,0.49872873486558456,0.21843107095563363,0.1290052939537476,0.29007978204747614,0.44472349311346987,0.7186489987583954,-0.21055167429535016,0.6127013446247223,0.5010204081632653
2021-04-30,M&M,EQ,774.6,768.4,778.4,750.45,753.05,752.55,762.26,4466148,340437401075000.0,118997.0,2154503.0,0.4824,MM,MM,UNKNOWN,14631.1,-0.017710760058812003,23.03,-0.028466305189775443,-0.03258773621288091,-0.05854756990054433,-0.05286010949594111,0.4418004076279026,0.4198335041645013,-0.046339740279489616,-0.08766778523489926,-0.01688427620278654,-13.448161235618272,41.1323896752706,-1.975058598242946,0.03974107083535028,-0.07940591915934597,-0.15222856287970457,-0.5164492707061621,1.1364844298212842,,0,30,13,0.00923709499574388,0.4991719017959445,0.11665356839614538,1.2400654859354083,0.39661234349821434,3.1266437020031663,5.486817474129797,-0.19054286945282228,6.508065557616912,0.46122448979591835
2021-04-30,WIPRO,EQ,489.85,491.5,511.8,489.3,492.5,492.75,501.42,29115571,1459924663315000.0,252478.0,5182914.0,0.178,WIPRO,Wipro Ltd.,IT,14631.1,-0.017710760058812003,23.03,0.00592017964683067,0.035841917174689986,0.21998019311710837,0.1269296740994854,0.4166233035347734,0.32639657998684185,0.08210491641274809,0.1326023996690111,0.039341634140299675,17.938390547956374,68.06992508027113,1.321402519904773,0.03476117996665942,0.31491803246613626,0.4187618670659829,-0.9486046863347397,0.6573386206263427,,0,47,7,-0.015396973275230498,0.5053554738974929,-0.16989314969390623,1.742070116861433,0.3600344585992027,4.838620513267979,9.725941525899168,-0.12930283224400907,13.472791636721071,0.45510204081632655
2021-04-30,TATASTEEL,EQ,1031.35,1024.0,1052.6,1011.1,1025.6,1034.0,1031.95,28129738,2902853738550000.0,385840.0,3536863.0,0.1257,TATASTEEL,Tata Steel Ltd.,METALS,14631.1,-0.017710760058812003,23.03,0.0025694478111213392,0.11711322385479694,0.3483732151007368,0.5860111971776976,0.4405420279719451,0.4590765592418317,0.13616697479060846,0.2944205965601461,0.06836875441133161,60.73485551814247,70.47467233439602,2.157431351719674,0.03723749654600717,0.15759261611881475,0.5076705196613129,0.0,1.2033555467897674,,0,40,9,0.008587652579611398,0.49324636311025266,0.10806124422699082,2.7799305428623606,0.41365081453275976,6.720476414394198,10.968829814431734,-0.216003647554998,12.869831478908454,0.44999999999999996
2021-04-30,LT,EQ,1358.65,1350.0,1365.0,1336.1,1340.05,1340.45,1349.74,1968093,265641930620000.0,63130.0,953902.0,0.4847,LT,Larsen & Toubro Ltd.,CONSTRUCTION,14631.1,-0.017710760058812003,23.03,-0.013395650093843137,0.013266308866883403,-0.04137166559393546,-0.015316241827664667,0.3017007085437455,0.3422830942687623,-0.023050811634182322,-0.06336579008968402,-0.015477099612668188,-21.34991013367494,37.136319058515845,-0.8525065881980934,0.027168381620244805,-0.6344827044765183,-0.6840273837128442,-0.7025650697849868,1.0812458763473882,,0,28,2,0.012815233526673228,0.4878742835878357,0.1650986476859393,0.5638453012891576,0.319324694600587,1.7657428655632732,3.1396288076259964,-0.1634268569057422,3.4501385632984425,0.44795918367346943
2021-04-30,RELIANCE,EQ,2024.05,2008.5,2036.0,1987.55,1995.9,1994.5,2010.2,9150974,1839532117510000.0,288687.0,3902504.0,0.4265,RELIANCE,Reliance Industries Ltd.,ENERGY,14631.1,-0.017710760058812003,23.03,-0.014599441713396333,0.047338987055950854,-7.520116311132696e-05,0.02756311179804216,0.22641258823157004,0.27761718194357937,0.015855391495235516,-0.021805713792465875,-0.00718683060553249,-14.259896843362185,48.34123222748816,0.7100328223414587,0.02082512624001719,0.8129978817459391,0.9395406015145913,-0.3807535277954577,0.860812874712786,,0,35,4,0.016745825712098844,0.48165621302350586,0.22053089425471506,0.3965619857858078,0.3177025793528613,1.2482177091340518,1.8605623620130594,-0.2076100750682922,1.9101288107302157,0.446938775510204
2021-04-30,GAIL,EQ,134.8,133.45,141.45,132.3,137.25,137.2,138.26,21349478,295176065650000.0,70416.0,5417740.0,0.2537999999999999,GAIL,GAIL (India) Ltd.,ENERGY,14631.1,-0.017710760058812003,23.03,0.01780415430267035,0.06027820710973719,0.04097116843702553,0.03196690485144793,0.3749463642794682,0.38146447434130215,0.011389185802218593,-0.01307034391477302,-0.00821490491379162,-1.1145090048597126,47.96380090497734,0.46064131749380005,0.035271761765930866,0.782125725095471,0.8123319804696406,-0.7476085356880059,0.9997368091065886,,0,13,4,0.014795970109465597,0.4850177485023372,0.19273731635358615,0.6227084565345968,0.3809818400520496,1.6344833035861306,2.7387905395702594,-0.2202747513026999,2.8269624768699684,0.42857142857142855
2021-04-30,BRITANNIA,EQ,3468.9,3460.0,3468.35,3437.0,3444.8,3449.0,3450.52,436187,150507126350000.0,34606.0,208365.0,0.4777,BRITANNIA,Britannia Industries Ltd.,CONSUMER GOODS,14631.1,-0.017710760058812003,23.03,-0.005736688863904993,-0.05514615237103804,-0.015864863322490375,-0.04553693736076714,0.22230078755369814,0.2079218997098457,-0.06018597363670419,-0.024591934967516438,-0.005131915504861584,-18.480566918002296,16.33867276887878,-1.8554933459324952,0.024156070082425533,-0.6140756936160426,-0.7188646014325583,-0.5001557937146294,0.31018037082822064,,0,8,3,0.012959913102863437,0.4935271755737914,0.16709741476389883,0.07985409915621755,0.21862718643635215,0.3652523753237115,0.5177420423091542,-0.16357199352189988,0.4881893130777688,0.4122448979591836
2021-04-30,DRREDDY,EQ,5102.3,5140.0,5211.0,5125.15,5169.0,5163.1,5170.81,1306950,675798491585000.0,80394.0,398563.0,0.305,DRREDDY,Dr. Reddy's Laboratories Ltd.,PHARMA,14631.1,-0.017710760058812003,23.03,0.011916194657311419,0.01902619061716715,0.171833862914208,0.015878325200692656,0.3128764702281324,0.3008106362738939,0.05628338861341198,0.11425524173237744,0.03133903561868445,152.36401977957485,69.36241473675611,1.2335011111067666,0.03372420223730479,-0.2505925626298882,-0.190075583933578,-0.04683577019642593,0.24389844437353786,,0,11,10,-0.16609256210622808,0.5228500790512626,-0.886912612932454,0.30719665801632967,0.2980055041950488,1.030842228388054,1.8165150940150387,-0.22228068232166565,1.382021392087419,0.4102040816326531
2021-04-30,TECHM,EQ,976.9,973.8,976.9,955.4,958.85,960.4,968.21,3129105,302964310585000.0,70097.0,2104528.0,0.6726000000000001,TECHM,Tech Mahindra Ltd.,IT,14631.1,-0.017710760058812003,23.03,-0.016890162759750194,0.01073458219322232,-0.03087790110998989,-0.011984980196491968,0.26650919361758163,0.2910876167375784,-0.03233525694148831,-0.027237157028677572,-0.00797137447255114,-7.864539531468267,33.29274232830002,-1.2144815885461984,0.032988486939965506,-0.7129502947228085,-0.7465823971997838,-0.6712816387999931,0.7748562570208636,,0,42,7,0.010976055094405256,0.47748307539360807,0.13996215508892762,0.845503458877783,0.319834530984383,2.643565271940782,3.8948697058978223,-0.1473181143281368,5.7393041088925845,0.40816326530612246
2021-04-30,SUNPHARMA,EQ,644.5,642.0,666.6,640.1,653.75,654.45,655.94,10874266,713285177650000.0,145185.0,2412903.0,0.2219,SUNPHARMA,Sun Pharmaceutical Industries Ltd.,PHARMA,14631.1,-0.017710760058812003,23.03,0.015438324282389448,0.025864095932283115,0.11452656675749329,0.11604706684856758,0.22466607084479445,0.2505504845791639,0.037504409136126515,0.06468647508980174,0.01724906017848271,10.83083836103367,68.83786316776013,1.5728977879428307,0.028748240070724584,0.6585247275469582,0.7380098874895064,-0.7725234619395203,0.5510807510133519,,0,38,10,0.0029549903794433654,0.502172380711942,0.03604190900620119,0.3808418609557973,0.2949026095814993,1.2914157032935576,2.155668252930431,-0.1788573999100309,2.1293044690763083,0.40102040816326534
2021-04-30,MARUTI,EQ,6565.65,6537.1,6559.6,6421.0,6438.35,6455.65,6500.51,849997,552541815500000.0,95248.0,382594.0,0.4501,MARUTI,Maruti Suzuki India Ltd.,AUTOMOBILE,14631.1,-0.017710760058812003,23.03,-0.016753862907709083,-0.03302077560252259,-0.04846376640700423,-0.19117333834492267,0.2994519235409848,0.269648168346378,-0.034582541985075266,-0.07282096445922603,-0.01941342926222467,-130.98358361582268,35.8169035610576,-1.7130767266100093,0.029422731582854883,-0.07922361859449592,-0.16356165306227252,-0.34343424070297845,0.9517694501125723,,0,29,0,0.009920922091074511,0.5033340359093383,0.12576678927246188,0.2776634274744183,0.31865493600392747,0.8713608235806398,1.2149800627369975,-0.2158573988035587,1.2863280527488719,0.3979591836734694
2021-04-30,NESTLEIND,EQ,16502.55,16500.0,16569.2,16255.0,16320.2,16309.25,16375.64,97783,160125932830000.0,24063.0,54977.0,0.5622,NESTLEIND,Nestle India Ltd.,CONSUMER GOODS,14631.1,-0.017710760058812003,23.03,-0.011713341271500477,-0.019033785043637286,-0.015840209995926835,-0.06350755803103603,0.2005529923968106,0.20532519266310412,-0.04175406435995521,-0.027059489427927463,-0.005527939820748284,-93.17840708315998,23.799221937565136,-1.9486838609316948,0.022635051537361575,-0.02931871672246823,-0.12098328531258712,-0.12937003208293518,0.3335887606773534,,0,31,3,0.00897738917836134,0.5080947537672729,0.11321027833703257,-0.07173734251963004,0.23014196598756745,-0.31170908883043685,-0.5397721347064313,-0.15204759925577438,-0.471808452555397,0.3928571428571428
2021-04-30,INFY,EQ,1356.35,1346.3,1373.9,1345.9,1348.6,1354.35,1361.16,8354677,1137202778465000.0,131718.0,5408113.0,0.6473000000000001,INFY,Infosys Ltd.,IT,14631.1,-0.017710760058812003,23.03,-0.0014745456556198855,0.015407107512370732,0.013583295913785154,0.022073805750509434,0.1803064586533877,0.21580342061174732,-0.017884174363901773,0.005561082814843354,-0.0018319097590907552,-2.4957577933112134,21.61354581673305,-0.7013584660406752,0.025130663628836175,-0.14156505888530393,-0.16235746070972934,-0.9196512793739877,0.7111230027343828,,0,23,7,0.0029450087203633474,0.47342929220275076,0.035918184398205044,1.0498713485696993,0.2941225613788892,3.5695029434251837,6.509579302925492,-0.10676567061961584,9.83341688837581,0.386734693877551
2021-04-30,HDFCBANK,EQ,1472.5,1445.0,1453.8,1407.5,1412.9,1412.3,1421.13,17616451,2503528980125000.0,447876.0,8982938.0,0.5099,HDFCBANK,HDFC Bank Ltd.,FINANCIAL SERVICES,14631.1,-0.017710760058812003,23.03,-0.04088285229202038,-0.0013082063430329693,-0.052973915375846614,-0.03455583279215224,0.33520672676564284,0.34754531501071617,-0.013884379462150487,-0.056681278766946286,-0.01027970893495822,-14.901364676721414,47.09467120181406,-0.612763210185502,0.030707255641759662,1.4225589599979376,1.3832375386184903,-0.44956738639020977,1.3044881406353424,,0,17,6,0.014100300126842501,0.4719649733738164,0.18296238365834827,0.5163195190036525,0.3278909281275312,1.5746685092880432,2.6827238474927815,-0.1708424835296466,3.022196284766925,0.37142857142857144
2021-04-30,EICHERMOT,EQ,2462.9,2442.0,2470.25,2414.0,2419.95,2421.65,2437.93,646257,157553130770000.0,43516.0,196649.0,0.3043,EICHERMOT,Eicher Motors Ltd.,AUTOMOBILE,14631.1,-0.017710760058812003,23.03,-0.01674854845913354,0.045030854874207105,-0.054246158051981075,-0.15608719137146942,0.3801988837619815,0.3117011346298189,-0.01481650237788168,-0.051977687328997435,-0.019590450786784452,-48.620832319458714,40.839668038217454,-0.4068679476594587,0.0334408947854326,-0.9119889836495616,-0.9404393569026479,-0.926308390098579,0.9144737149300426,,0,12,0,0.024613377792101876,0.49213965830636386,0.3388140549229326,-0.8309712183766842,0.969863301772764,-0.8567921034415819,-0.617492938487952,-0.9082297725921421,-0.9149350125409814,0.3683673469387755
2021-04-30,BHARTIARTL,EQ,540.85,533.5,547.0,533.5,535.5,536.75,540.94,8178192,442388861505000.0,106580.0,3045108.0,0.3722999999999999,BHARTIARTL,Bharti Airtel Ltd.,TELECOM,14631.1,-0.017710760058812003,23.03,-0.00758066007210878,0.02707615767317262,0.027272727272727337,-0.07576409814894536,0.2549768014257463,0.28650733399345524,0.006945910073680173,-0.006443539893119743,0.00014438616426359907,0.07717584003239608,46.860873932697125,0.4372376765246988,0.024645685008982624,-0.30701735910489475,-0.2715805687141127,-0.5231643939057433,0.6808865054000737,,0,6,12,0.017363427993189892,0.48328520205155184,0.22945732726233037,0.10521980850406853,0.34941705660244254,0.30112957142726104,0.4947875637559742,-0.33583834335337404,0.31330492954866296,0.363265306122449
2021-04-30,NTPC,EQ,103.05,102.25,105.65,102.05,102.4,102.45,103.71,15321193,158895206995000.0,48217.0,4597153.0,0.3001,NTPC,NTPC Ltd.,ENERGY,14631.1,-0.017710760058812003,23.03,-0.005822416302765587,-0.0009751340809360798,-0.01679462571976964,0.09924892703862653,0.26739495154897613,0.31840210965264193,-0.0037196411640290084,-0.024480818122089798,-0.007871669032250339,-0.8120817403541167,43.511450381679396,-0.14070421055576826,0.030363243393990116,-0.42350772835533107,-0.40080781192950954,-0.6400843140699104,0.8047926037425659,,0,32,4,0.01838602686074691,0.48014193953057194,0.24436899468771278,0.13392363032650856,0.3364621306159962,0.39803478056006075,0.7031571596671631,-0.2543652666352051,0.5265012479812093,0.35918367346938773
2021-04-30,IOC,EQ,88.9,88.6,93.1,88.0,90.8,90.85,91.47,29815698,272710815130000.03,89345.0,6554327.0,0.2198,IOC,Indian Oil Corporation Ltd.,ENERGY,14631.1,-0.017710760058812003,23.03,0.021934758155230494,0.03180011357183421,-0.0005500550055006492,-0.02782236490101664,0.2802909903772491,0.3286252984694401,0.010398709892676328,-0.04206075559632649,-0.01781717335885158,-1.623809249156082,43.22580645161288,0.49361707223801304,0.024137117697932232,3.129970317557382,3.1710942571472507,-0.8857160827725015,0.9514079197923416,,0,24,4,0.015238030113576339,0.4771614893486403,0.19898716247256365,0.14061519146264878,0.3190525329183792,0.44072739425209734,0.6694892695541559,-0.2364793213149523,0.5946193970819632,0.34285714285714286
2021-04-30,UPL,EQ,615.8,610.8,621.0,604.05,606.0,606.9,613.09,3072295,188358515500000.0,42385.0,664774.0,0.2164,UPL,UPL Ltd.,FERTILISERS & PESTICIDES,14631.1,-0.017710760058812003,23.03,-0.014452744397531636,0.03672702425691843,0.03672702425691843,0.031879622545269104,0.36545375321094037,0.45303573344977255,-0.01655283050971057,0.00746342985770343,-0.0029660177620661754,-1.8021002290713568,35.09006004002667,-0.39587193044628777,0.03658522232422381,-0.8561657793073247,-0.8416025406977046,-0.4133397776703722,1.0463707803235935,,0,45,5,0.011381853877800902,0.48141136604858903,0.14546516824000766,0.6834951456310685,0.44927657568859025,1.5213237961126724,2.1809989894935478,-0.2530243811650845,2.7013015207618487,0.3173469387755102
2021-04-30,BPCL,EQ,419.55,417.5,437.5,414.65,422.1,421.8,428.14,16851470,721472414705000.0,195429.0,6453804.0,0.383,BPCL,Bharat Petroleum Corporation Ltd.,ENERGY,14631.1,-0.017710760058812003,23.03,0.005362888809438582,-0.002954733483039873,-0.005657708628005631,0.08907823392718828,0.2759019153226384,0.3217972039717649,0.004979628791308421,-0.0250081480471267,-0.00793684058377897,-3.351725630092915,44.45851804939836,0.22538822153253268,0.03013445776603672,1.9002062711729275,1.9470453387223108,-0.6278125827230212,1.0362330142196892,,0,7,4,0.014359545354696544,0.48128519525484575,0.18659644923358298,0.17460317460317198,0.39364902508907207,0.4435503798432221,0.702782337981298,-0.2963162429987082,0.5892460461707906,0.3112244897959184
2021-04-30,HINDUNILVR,EQ,2407.6,2410.0,2442.9,2330.25,2350.0,2353.75,2363.99,4010778,948144834645000.0,170223.0,2038288.0,0.5082,HINDUNILVR,Hindustan Unilever Ltd.,CONSUMER GOODS,14631.1,-0.017710760058812003,23.03,-0.022366672204685134,0.019932835012458128,0.015466586134000648,-0.019107351225204128,0.2232145650852479,0.23451909763370493,-0.022099613929290052,0.025574103638429824,0.007179945601039517,17.009828915384787,42.99088752964672,-1.2008013230323853,0.026726348531977813,2.271742015278277,2.182179693389578,-0.25069637883008355,0.384698829457002,,0,20,3,0.008234881779049982,0.4912474449171625,0.1034194198526317,0.027860870324680986,0.2185414037018349,0.12748554668703752,0.21470773439417074,-0.13182412028013946,0.21134880525258842,0.3040816326530612
2021-04-30,COALINDIA,EQ,128.05,127.4,134.6,127.0,133.0,133.05,132.61,27396950,363310678595000.0,103147.0,6859319.0,0.2504,COALINDIA,Coal India Ltd.,METALS,14631.1,-0.017710760058812003,23.03,0.039047247169074595,0.054696789536266444,0.02662037037037046,0.009101251422070744,0.27521468749058,0.3565552885352469,0.03617460379268711,-0.028278874103504048,-0.015947368086462355,-2.083344783592537,52.953586497890306,1.788562252587795,0.024480592688033487,3.693879094276784,3.721199986139637,-0.6999323410013532,0.9825039579765554,,0,10,9,0.008481586932458547,0.48108762349337386,0.10666373420082231,-0.017355982274741777,0.335524477798871,-0.051727916808340164,-0.0892763313897562,-0.2558061258835411,-0.06784818860297076,0.19489795918367347
2021-04-30,HDFC,EQ,2538.85,2503.1,2525.0,2411.1,2433.25,2420.1,2445.94,6024595,1473580739110000.0,224454.0,3839105.0,0.6372,HDFC,Housing Development Finance Corporation Ltd.,FINANCIAL SERVICES,14631.1,-0.017710760058812003,23.03,-0.04677314532170074,-0.03093278875608141,-0.044477346757477054,-0.05146194246296154,0.40020344404720637,0.37782504528470595,-0.03099681082996497,-0.055423654258750954,-0.004910189099437745,-12.343299534666585,44.39687393815832,-1.6630059915939714,0.03665137804222968,1.7744198730162648,1.732704468421181,-0.23899816046412914,1.4468731593219561,,0,16,6,-0.004581006314870901,0.4773858024562506,-0.053607958282649415,0.4104790768154789,0.37414735149409273,1.0971053922373144,1.7125813760584987,-0.21599686847599175,1.9003936478880203,0.18877551020408165
2021-04-30,ZEEL,EQ,186.55,185.3,190.95,183.65,185.0,185.6,187.53,11435285,214443986430000.0,62607.0,3323909.0,0.2907,ZEEL,Zee Entertainment Enterprises Ltd.,MEDIA & ENTERTAINMENT,14631.1,-0.017710760058812003,23.03,-0.005092468507102765,-0.012765957446808529,-0.0717679419854963,-0.17031738936075103,0.5694705559122594,0.5697765712634374,-0.043064667895489794,-0.09188766024072803,-0.02833072852475449,-5.545778768623478,38.27956989247313,-1.0516848371749594,0.04685575738916257,0.10520508675899003,0.013210760856858114,-0.8796134137640267,1.3322367455862907,,0,48,8,-0.04336467706048674,0.4804023381034501,-0.41256887561990296,0.2174483437192538,0.521729346285003,0.41678380805604365,0.617420159961295,-0.3455383123181377,0.6293031364899668,0.10510204081632651
